category,city,n_cells,n_vars,n_rows,status,stop_reason,gap_target,achieved_gap,hit_time_limit,dual_bound,objective_net_rev,baseline_hold_net_rev,nodes,solve_time_s,budget_wk,n_held_cells
Besan & Gram Flour,Bangalore,1,84.0,87.0,0,target_gap_hit,0.01,0.0,False,-213121.0,213121.0,212919.0,1.0,0.26,2129.0,0.0
Besan & Gram Flour,Chandigarh Tricity,1,84.0,87.0,0,target_gap_hit,0.01,0.0,False,-28248.0,28248.0,28221.0,1.0,0.02,282.0,0.0
Besan & Gram Flour,Delhi-NCR,1,84.0,87.0,0,target_gap_hit,0.01,0.0,False,-209886.0,209886.0,209687.0,1.0,0.02,2097.0,0.0
Besan & Gram Flour,Hyderabad,2,168.0,150.0,0,target_gap_hit,0.01,0.0,False,-135041.0,135041.0,134913.0,1.0,0.01,1349.0,0.0
Besan & Gram Flour,Kolkata,1,84.0,87.0,0,target_gap_hit,0.01,0.0,False,-19301.0,19301.0,19238.0,1.0,0.0,193.0,0.0
Besan & Gram Flour,Mumbai,1,84.0,87.0,0,target_gap_hit,0.01,0.0,False,-44912.0,44912.0,44550.0,1.0,0.0,448.0,0.0
Besan & Gram Flour,Others,1,84.0,87.0,0,target_gap_hit,0.01,0.0,False,-178458.0,178458.0,178289.0,1.0,0.01,1783.0,0.0
Besan & Gram Flour,Pune,1,84.0,87.0,0,target_gap_hit,0.01,0.0,False,-36842.0,36842.0,36807.0,1.0,0.02,368.0,0.0
Dal & Pulses,Ahmedabad,6,504.0,402.0,0,target_gap_hit,0.01,0.005649,False,-411689.0,409376.0,422132.0,1.0,0.06,4302.0,0.0
Dal & Pulses,Bangalore,11,924.0,717.0,0,target_gap_hit,0.01,0.007253,False,-5492958.0,5453407.0,5601679.0,1.0,0.09,57313.0,0.0
Dal & Pulses,Chandigarh Tricity,9,756.0,591.0,0,target_gap_hit,0.01,0.008916,False,-259100.0,256810.0,262354.0,1.0,0.22,2654.0,0.0
Dal & Pulses,Chennai,10,840.0,654.0,0,target_gap_hit,0.01,0.003786,False,-545155.0,543099.0,553805.0,1.0,0.09,5548.0,0.0
Dal & Pulses,Delhi-NCR,12,1008.0,780.0,0,target_gap_hit,0.01,0.00699,False,-3191314.0,3169162.0,3258249.0,1.0,0.11,32934.0,0.0
Dal & Pulses,Hyderabad,12,1008.0,753.0,0,target_gap_hit,0.01,0.004812,False,-2859337.0,2845643.0,2919666.0,1.0,0.19,29684.0,1.0
Dal & Pulses,Kolkata,12,1008.0,753.0,0,target_gap_hit,0.01,0.001915,False,-1136247.0,1134075.0,1156466.0,1.0,0.12,11765.0,1.0
Dal & Pulses,Lucknow,10,840.0,654.0,0,target_gap_hit,0.01,0.004187,False,-455175.0,453277.0,463589.0,1.0,0.09,4783.0,0.0
Dal & Pulses,Mumbai,8,672.0,528.0,0,target_gap_hit,0.01,0.006125,False,-2700990.0,2684548.0,2762132.0,1.0,0.06,28263.0,0.0
Dal & Pulses,Others,17,1428.0,1095.0,0,target_gap_hit,0.01,0.006645,False,-4983832.0,4950933.0,5075237.0,1.0,0.17,51421.0,0.0
Dal & Pulses,Pune,12,1008.0,780.0,0,target_gap_hit,0.01,0.006908,False,-1367126.0,1357747.0,1392023.0,1.0,0.11,14066.0,0.0
Honey,Ahmedabad,1,84.0,87.0,0,target_gap_hit,0.01,0.000226,False,-4230.0,4229.0,4231.0,1.0,0.02,42.0,0.0
Honey,Bangalore,1,84.0,87.0,0,target_gap_hit,0.01,0.0,False,-254868.0,254868.0,253878.0,1.0,0.01,2557.0,0.0
Honey,Delhi-NCR,1,84.0,87.0,0,target_gap_hit,0.01,0.0,False,-344769.0,344769.0,344929.0,1.0,0.0,3451.0,0.0
Honey,Hyderabad,1,84.0,87.0,0,target_gap_hit,0.01,0.0,False,-286034.0,286034.0,284110.0,1.0,0.02,2947.0,0.0
Honey,Mumbai,1,84.0,87.0,0,target_gap_hit,0.01,0.0,False,-236928.0,236928.0,237038.0,1.0,0.01,2373.0,0.0
Honey,Others,1,84.0,87.0,0,target_gap_hit,0.01,0.0,False,-183847.0,183847.0,184110.0,1.0,0.02,1845.0,0.0
Honey,Pune,1,84.0,87.0,0,target_gap_hit,0.01,0.000464,False,-30715.0,30700.0,29688.0,1.0,0.01,309.0,0.0
Indian Sweets,Ahmedabad,1,84.0,87.0,0,target_gap_hit,0.01,0.001568,False,-7758.0,7746.0,7760.0,1.0,0.0,78.0,0.0
Indian Sweets,Bangalore,6,504.0,402.0,0,target_gap_hit,0.01,0.0,False,-457807.0,457807.0,454508.0,1.0,0.03,4576.0,0.0
Indian Sweets,Chennai,2,168.0,150.0,0,target_gap_hit,0.01,0.0,False,-93880.0,93880.0,92738.0,1.0,0.03,938.0,0.0
Indian Sweets,Delhi-NCR,5,420.0,339.0,0,target_gap_hit,0.01,0.0,False,-164893.0,164893.0,163717.0,1.0,0.03,1648.0,0.0
Indian Sweets,Hyderabad,6,504.0,402.0,0,target_gap_hit,0.01,0.0,False,-469269.0,469269.0,459510.0,1.0,0.03,4690.0,0.0
Indian Sweets,Kolkata,4,336.0,276.0,0,target_gap_hit,0.01,0.0,False,-68476.0,68476.0,68492.0,1.0,0.02,685.0,0.0
Indian Sweets,Mumbai,2,168.0,150.0,0,target_gap_hit,0.01,0.0,False,-79112.0,79112.0,78646.0,1.0,0.01,791.0,0.0
Indian Sweets,Others,5,420.0,339.0,0,target_gap_hit,0.01,0.0,False,-582636.0,582636.0,579550.0,1.0,0.03,5823.0,0.0
Indian Sweets,Pune,2,168.0,150.0,0,target_gap_hit,0.01,0.0,False,-71091.0,71091.0,69615.0,1.0,0.02,710.0,0.0
Jaggery,Ahmedabad,1,84.0,87.0,0,target_gap_hit,0.01,0.0,False,-107621.0,107621.0,103046.0,1.0,0.01,1039.0,0.0
Jaggery,Bangalore,2,,,-1,"build_failed: ufunc 'isfinite' not supported for the input types, and the inputs could not be safely coerced to any supported types according to the casting rule ''safe''",,,,,,,,0.0,,
Jaggery,Chandigarh Tricity,1,,,-1,"build_failed: ufunc 'isfinite' not supported for the input types, and the inputs could not be safely coerced to any supported types according to the casting rule ''safe''",,,,,,,,0.0,,
Jaggery,Chennai,2,168.0,150.0,0,target_gap_hit,0.01,0.0,False,-152768.0,152768.0,149121.0,1.0,0.01,1484.0,0.0
Jaggery,Delhi-NCR,1,84.0,87.0,0,target_gap_hit,0.01,0.0,False,-600730.0,600730.0,573291.0,1.0,0.02,5804.0,0.0
Jaggery,Hyderabad,2,168.0,150.0,0,target_gap_hit,0.01,0.0,False,-476001.0,476001.0,457535.0,1.0,0.01,4620.0,0.0
Jaggery,Kolkata,1,84.0,87.0,0,target_gap_hit,0.01,0.0,False,-789756.0,789756.0,770905.0,1.0,0.0,7662.0,0.0
Jaggery,Lucknow,1,84.0,87.0,0,target_gap_hit,0.01,0.0,False,-64991.0,64991.0,63439.0,1.0,0.02,631.0,0.0
Jaggery,Mumbai,2,168.0,150.0,0,target_gap_hit,0.01,0.0,False,-453066.0,453066.0,427364.0,1.0,0.03,4349.0,0.0
Jaggery,Others,2,168.0,150.0,0,target_gap_hit,0.01,0.0,False,-2453236.0,2453236.0,2390877.0,1.0,0.02,23958.0,0.0
Jaggery,Pune,2,168.0,150.0,0,target_gap_hit,0.01,0.0,False,-253205.0,253205.0,244987.0,1.0,0.03,2447.0,0.0
Millet & Other Atta,Ahmedabad,2,168.0,150.0,0,target_gap_hit,0.01,0.0,False,-43278.0,43278.0,43329.0,1.0,0.01,433.0,0.0
Millet & Other Atta,Bangalore,6,504.0,402.0,0,target_gap_hit,0.01,4.9e-05,False,-1228918.0,1228858.0,1228379.0,1.0,0.05,12297.0,0.0
Millet & Other Atta,Chandigarh Tricity,4,336.0,276.0,0,target_gap_hit,0.01,0.000577,False,-102079.0,102020.0,102112.0,1.0,0.03,1021.0,0.0
Millet & Other Atta,Chennai,5,420.0,339.0,0,target_gap_hit,0.01,0.000446,False,-175257.0,175179.0,175119.0,1.0,0.03,1754.0,0.0
Millet & Other Atta,Delhi-NCR,6,504.0,402.0,0,target_gap_hit,0.01,4.8e-05,False,-1671670.0,1671589.0,1671130.0,1.0,0.03,16731.0,0.0
Millet & Other Atta,Hyderabad,6,504.0,402.0,0,target_gap_hit,0.01,0.0,False,-780058.0,780058.0,775678.0,1.0,0.03,7806.0,0.0
Millet & Other Atta,Kolkata,6,504.0,402.0,0,target_gap_hit,0.01,4.1e-05,False,-516218.0,516197.0,512541.0,1.0,0.03,5166.0,0.0
Millet & Other Atta,Lucknow,6,504.0,402.0,0,target_gap_hit,0.01,8e-05,False,-140782.0,140771.0,139739.0,1.0,0.03,1409.0,0.0
Millet & Other Atta,Mumbai,4,336.0,276.0,0,target_gap_hit,0.01,3.1e-05,False,-421450.0,421437.0,418400.0,1.0,0.03,4218.0,0.0
Millet & Other Atta,Others,7,588.0,465.0,0,target_gap_hit,0.01,0.0,False,-2880803.0,2880803.0,2858021.0,1.0,0.05,28838.0,0.0
Millet & Other Atta,Pune,6,504.0,402.0,0,target_gap_hit,0.01,0.0,False,-341669.0,341669.0,340423.0,1.0,0.05,3420.0,0.0
Millets,Delhi-NCR,2,168.0,150.0,0,target_gap_hit,0.01,0.0,False,-284966.0,284966.0,277749.0,1.0,0.01,2858.0,0.0
Millets,Others,2,168.0,150.0,0,target_gap_hit,0.01,0.0,False,-26854.0,26854.0,26603.0,1.0,0.02,270.0,0.0
Oil,Bangalore,3,252.0,213.0,0,target_gap_hit,0.01,0.004186,False,-1031426.0,1027126.0,1042517.0,1.0,0.06,10571.0,0.0
Oil,Chennai,1,84.0,87.0,0,target_gap_hit,0.01,0.0,False,-106878.0,106878.0,108176.0,1.0,0.02,1110.0,0.0
Oil,Delhi-NCR,3,252.0,213.0,0,target_gap_hit,0.01,0.002087,False,-631563.0,630248.0,637476.0,1.0,0.03,6464.0,0.0
Oil,Hyderabad,3,252.0,213.0,0,target_gap_hit,0.01,0.003704,False,-889990.0,886706.0,899430.0,1.0,0.02,9146.0,0.0
Oil,Kolkata,2,168.0,150.0,0,target_gap_hit,0.01,0.006384,False,-267333.0,265637.0,268133.0,1.0,0.01,2732.0,0.0
Oil,Lucknow,3,252.0,213.0,0,target_gap_hit,0.01,0.000568,False,-57648.0,57615.0,58118.0,1.0,0.03,595.0,0.0
Oil,Mumbai,2,168.0,150.0,0,target_gap_hit,0.01,0.0,False,-150389.0,150389.0,151966.0,1.0,0.01,1537.0,0.0
Oil,Others,3,252.0,213.0,0,target_gap_hit,0.01,0.002451,False,-1015382.0,1012900.0,1024581.0,1.0,0.01,10464.0,0.0
Oil,Pune,3,252.0,213.0,0,target_gap_hit,0.01,0.005574,False,-147219.0,146403.0,148627.0,1.0,0.03,1507.0,0.0
Plain Peanuts,Ahmedabad,2,168.0,150.0,0,target_gap_hit,0.01,0.0,False,-86208.0,86208.0,86063.0,1.0,0.03,860.0,0.0
Plain Peanuts,Bangalore,3,252.0,213.0,0,target_gap_hit,0.01,0.0,False,-777156.0,777156.0,768485.0,1.0,0.02,7805.0,0.0
Plain Peanuts,Chandigarh Tricity,2,168.0,150.0,0,target_gap_hit,0.01,0.0,False,-78567.0,78567.0,78678.0,1.0,0.02,787.0,0.0
Plain Peanuts,Chennai,3,252.0,213.0,0,target_gap_hit,0.01,0.0,False,-119901.0,119901.0,117842.0,1.0,0.01,1199.0,0.0
Plain Peanuts,Delhi-NCR,3,252.0,213.0,0,target_gap_hit,0.01,0.0,False,-1247707.0,1247707.0,1225209.0,1.0,0.03,12454.0,0.0
Plain Peanuts,Hyderabad,3,252.0,213.0,0,target_gap_hit,0.01,0.0,False,-564478.0,564478.0,542042.0,1.0,0.01,5637.0,0.0
Plain Peanuts,Kolkata,3,252.0,213.0,0,target_gap_hit,0.01,0.0,False,-162545.0,162545.0,162720.0,1.0,0.02,1639.0,0.0
Plain Peanuts,Lucknow,2,168.0,150.0,0,target_gap_hit,0.01,0.0,False,-216176.0,216176.0,210864.0,1.0,0.01,2155.0,0.0
Plain Peanuts,Mumbai,3,252.0,213.0,0,target_gap_hit,0.01,0.0,False,-338080.0,338080.0,329805.0,1.0,0.01,3370.0,0.0
Plain Peanuts,Others,2,168.0,150.0,0,target_gap_hit,0.01,0.0,False,-1588615.0,1588615.0,1570041.0,1.0,0.02,15869.0,0.0
Plain Peanuts,Pune,3,252.0,213.0,0,target_gap_hit,0.01,0.0,False,-241704.0,241704.0,236195.0,1.0,0.01,2416.0,0.0
Poha,Ahmedabad,1,84.0,87.0,0,target_gap_hit,0.01,0.0,False,-26263.0,26263.0,26336.0,1.0,0.02,262.0,0.0
Poha,Bangalore,3,252.0,213.0,0,target_gap_hit,0.01,0.009994,False,-531049.0,525794.0,525007.0,1.0,0.05,5247.0,0.0
Poha,Chandigarh Tricity,1,84.0,87.0,0,target_gap_hit,0.01,0.0,False,-26394.0,26394.0,26053.0,1.0,0.01,260.0,0.0
Poha,Chennai,2,168.0,150.0,0,target_gap_hit,0.01,0.008013,False,-173789.0,172408.0,171490.0,1.0,0.02,1710.0,0.0
Poha,Delhi-NCR,2,168.0,150.0,0,target_gap_hit,0.01,0.008341,False,-712947.0,707050.0,704258.0,1.0,0.01,7029.0,0.0
Poha,Hyderabad,3,252.0,213.0,0,target_gap_hit,0.01,0.007664,False,-253765.0,251835.0,251582.0,1.0,0.03,2503.0,0.0
Poha,Kolkata,2,168.0,150.0,0,target_gap_hit,0.01,0.009825,False,-216822.0,214713.0,213929.0,1.0,0.01,2137.0,0.0
Poha,Lucknow,2,168.0,150.0,0,target_gap_hit,0.01,0.007478,False,-51036.0,50658.0,50507.0,1.0,0.01,503.0,0.0
Poha,Mumbai,2,168.0,123.0,0,target_gap_hit,0.01,0.0,False,-342231.0,342231.0,340584.0,1.0,0.02,3402.0,1.0
Poha,Others,2,168.0,150.0,0,target_gap_hit,0.01,0.007366,False,-981885.0,974705.0,966185.0,1.0,0.01,9655.0,0.0
Poha,Pune,2,168.0,150.0,0,target_gap_hit,0.01,0.005022,False,-114780.0,114207.0,113593.0,1.0,0.02,1131.0,0.0
Rice & Rice Products,Ahmedabad,5,420.0,339.0,0,target_gap_hit,0.01,0.000133,False,-139825.0,139806.0,136169.0,1.0,0.03,1384.0,0.0
Rice & Rice Products,Bangalore,10,840.0,654.0,0,target_gap_hit,0.01,0.0,False,-3290252.0,3290252.0,3205968.0,1.0,0.08,32295.0,0.0
Rice & Rice Products,Chandigarh Tricity,6,504.0,402.0,0,target_gap_hit,0.01,0.0,False,-156509.0,156509.0,153588.0,1.0,0.05,1539.0,0.0
Rice & Rice Products,Chennai,7,588.0,465.0,0,target_gap_hit,0.01,0.0,False,-450403.0,450403.0,443277.0,1.0,0.06,4430.0,0.0
Rice & Rice Products,Delhi-NCR,9,756.0,591.0,0,target_gap_hit,0.01,0.0,False,-3119193.0,3119193.0,3046542.0,1.0,0.06,30789.0,0.0
Rice & Rice Products,Hyderabad,10,840.0,654.0,0,target_gap_hit,0.01,0.0,False,-2429767.0,2429767.0,2358887.0,1.0,0.08,23871.0,0.0
Rice & Rice Products,Kolkata,9,756.0,591.0,0,target_gap_hit,0.01,0.0,False,-1259642.0,1259642.0,1242496.0,1.0,0.08,12411.0,0.0
Rice & Rice Products,Lucknow,6,504.0,402.0,0,target_gap_hit,0.01,0.0,False,-231789.0,231789.0,229494.0,1.0,0.05,2291.0,0.0
Rice & Rice Products,Mumbai,8,672.0,528.0,0,target_gap_hit,0.01,0.0,False,-1568071.0,1568071.0,1536017.0,1.0,0.06,15443.0,0.0
Rice & Rice Products,Others,10,840.0,654.0,0,target_gap_hit,0.01,0.0,False,-5515312.0,5515312.0,5418039.0,1.0,0.08,54543.0,0.0
Rice & Rice Products,Pune,8,672.0,528.0,0,target_gap_hit,0.01,0.0,False,-854295.0,854295.0,844676.0,1.0,0.06,8450.0,0.0
Salt,Bangalore,1,84.0,87.0,0,target_gap_hit,0.01,0.000371,False,-41405.0,41390.0,41438.0,1.0,0.0,415.0,0.0
Salt,Chennai,1,84.0,87.0,0,target_gap_hit,0.01,0.000371,False,-23861.0,23852.0,23927.0,1.0,0.02,240.0,0.0
Salt,Delhi-NCR,2,168.0,150.0,0,target_gap_hit,0.01,0.001051,False,-87783.0,87691.0,88055.0,1.0,0.01,881.0,0.0
Salt,Hyderabad,1,84.0,87.0,0,target_gap_hit,0.01,0.000371,False,-33866.0,33853.0,33961.0,1.0,0.02,340.0,0.0
Salt,Kolkata,1,84.0,87.0,0,target_gap_hit,0.01,0.000371,False,-14753.0,14747.0,14586.0,1.0,0.02,148.0,0.0
Salt,Lucknow,1,84.0,87.0,0,target_gap_hit,0.01,0.000371,False,-6536.0,6533.0,6538.0,1.0,0.02,65.0,0.0
Salt,Mumbai,1,84.0,87.0,0,target_gap_hit,0.01,0.000371,False,-34812.0,34799.0,34909.0,1.0,0.01,349.0,0.0
Salt,Others,2,168.0,150.0,0,target_gap_hit,0.01,0.0,False,-68026.0,68026.0,68212.0,1.0,0.02,683.0,0.0
Salt,Pune,1,84.0,87.0,0,target_gap_hit,0.01,0.000371,False,-17290.0,17284.0,17339.0,1.0,0.02,173.0,0.0
Seeds,Bangalore,2,168.0,150.0,0,target_gap_hit,0.01,0.0,False,-92289.0,92289.0,92282.0,1.0,0.03,926.0,0.0
Seeds,Chandigarh Tricity,1,84.0,87.0,0,target_gap_hit,0.01,0.000357,False,-3894.0,3893.0,3876.0,1.0,0.01,39.0,0.0
Seeds,Chennai,2,168.0,150.0,0,target_gap_hit,0.01,0.0,False,-9634.0,9634.0,9643.0,1.0,0.02,97.0,0.0
Seeds,Delhi-NCR,1,84.0,87.0,0,target_gap_hit,0.01,0.000174,False,-26615.0,26610.0,26136.0,1.0,0.02,267.0,0.0
Seeds,Hyderabad,1,84.0,87.0,0,target_gap_hit,0.01,0.000174,False,-19961.0,19957.0,19964.0,1.0,0.01,200.0,0.0
Seeds,Kolkata,1,84.0,87.0,0,target_gap_hit,0.01,0.000357,False,-7467.0,7464.0,7469.0,1.0,0.02,75.0,0.0
Seeds,Lucknow,1,84.0,87.0,0,target_gap_hit,0.01,0.000174,False,-4906.0,4905.0,4907.0,1.0,0.0,49.0,0.0
Seeds,Mumbai,1,84.0,87.0,0,target_gap_hit,0.01,0.000174,False,-7767.0,7765.0,7768.0,1.0,0.01,78.0,0.0
Seeds,Others,2,168.0,150.0,0,target_gap_hit,0.01,0.0,False,-103710.0,103710.0,103238.0,1.0,0.01,1039.0,0.0
Seeds,Pune,1,84.0,87.0,0,target_gap_hit,0.01,0.000357,False,-5515.0,5513.0,5517.0,1.0,0.02,55.0,0.0
Single Spice Powder,Ahmedabad,1,84.0,87.0,0,target_gap_hit,0.01,0.0,False,-4474.0,4474.0,4422.0,1.0,0.02,44.0,0.0
Single Spice Powder,Bangalore,6,504.0,402.0,0,target_gap_hit,0.01,0.0,False,-406077.0,406077.0,402419.0,1.0,0.05,4039.0,0.0
Single Spice Powder,Chandigarh Tricity,4,336.0,276.0,0,target_gap_hit,0.01,0.0,False,-27106.0,27106.0,26815.0,1.0,0.03,269.0,0.0
Single Spice Powder,Chennai,5,420.0,339.0,0,target_gap_hit,0.01,0.0,False,-117932.0,117932.0,117075.0,1.0,0.03,1169.0,0.0
Single Spice Powder,Delhi-NCR,4,336.0,276.0,0,target_gap_hit,0.01,0.0,False,-390592.0,390592.0,383435.0,1.0,0.03,3874.0,0.0
Single Spice Powder,Hyderabad,5,420.0,339.0,0,target_gap_hit,0.01,0.0,False,-333572.0,333572.0,327975.0,1.0,0.03,3308.0,0.0
Single Spice Powder,Kolkata,5,420.0,339.0,0,target_gap_hit,0.01,0.0,False,-144345.0,144345.0,142826.0,1.0,0.03,1431.0,0.0
Single Spice Powder,Lucknow,4,336.0,276.0,0,target_gap_hit,0.01,0.0,False,-29781.0,29781.0,29437.0,1.0,0.02,295.0,0.0
Single Spice Powder,Mumbai,4,336.0,276.0,0,target_gap_hit,0.01,0.0,False,-151178.0,151178.0,148058.0,1.0,0.03,1499.0,0.0
Single Spice Powder,Others,7,588.0,465.0,0,target_gap_hit,0.01,0.0,False,-560437.0,560437.0,550636.0,1.0,0.05,5560.0,0.0
Single Spice Powder,Pune,5,420.0,339.0,0,target_gap_hit,0.01,0.0,False,-48028.0,48028.0,47574.0,1.0,0.03,476.0,0.0
Sooji,Ahmedabad,1,84.0,87.0,0,target_gap_hit,0.01,0.0,False,-25033.0,25033.0,25728.0,1.0,0.01,257.0,0.0
Sooji,Bangalore,2,168.0,150.0,0,target_gap_hit,0.01,0.0,False,-222212.0,222212.0,228380.0,1.0,0.02,2276.0,0.0
Sooji,Chandigarh Tricity,2,168.0,150.0,0,target_gap_hit,0.01,0.0,False,-35239.0,35239.0,36217.0,1.0,0.02,362.0,0.0
Sooji,Chennai,2,168.0,150.0,0,target_gap_hit,0.01,0.0,False,-48599.0,48599.0,49297.0,1.0,0.02,496.0,0.0
Sooji,Delhi-NCR,1,84.0,87.0,0,target_gap_hit,0.01,0.0,False,-591005.0,591005.0,607411.0,1.0,0.01,6058.0,0.0
Sooji,Hyderabad,2,168.0,150.0,0,target_gap_hit,0.01,0.0,False,-484847.0,484847.0,498307.0,1.0,0.02,4971.0,0.0
Sooji,Kolkata,1,84.0,87.0,0,target_gap_hit,0.01,0.0,False,-199021.0,199021.0,204546.0,1.0,0.02,2040.0,0.0
Sooji,Lucknow,1,84.0,87.0,0,target_gap_hit,0.01,0.0,False,-40701.0,40701.0,41831.0,1.0,0.02,418.0,0.0
Sooji,Mumbai,1,84.0,87.0,0,target_gap_hit,0.01,0.0,False,-176247.0,176247.0,181139.0,1.0,0.02,1805.0,0.0
Sooji,Others,1,84.0,87.0,0,target_gap_hit,0.01,0.0,False,-1645049.0,1645049.0,1690715.0,1.0,0.0,16861.0,0.0
Sooji,Pune,2,168.0,150.0,0,target_gap_hit,0.01,0.0,False,-117741.0,117741.0,121010.0,1.0,0.02,1207.0,0.0
Sugar,Ahmedabad,1,84.0,87.0,0,target_gap_hit,0.01,0.0,False,-147461.0,147461.0,148162.0,1.0,0.01,1482.0,0.0
Sugar,Bangalore,3,252.0,213.0,0,target_gap_hit,0.01,0.002157,False,-1442937.0,1439831.0,1450290.0,1.0,0.03,14514.0,0.0
Sugar,Chandigarh Tricity,1,84.0,87.0,0,target_gap_hit,0.01,0.0,False,-113211.0,113211.0,110592.0,1.0,0.01,1140.0,0.0
Sugar,Chennai,3,252.0,213.0,0,target_gap_hit,0.01,0.009089,False,-335694.0,332671.0,333380.0,1.0,0.02,3373.0,0.0
Sugar,Delhi-NCR,2,168.0,150.0,0,target_gap_hit,0.01,0.006659,False,-1039708.0,1032830.0,1044913.0,1.0,0.01,10454.0,0.0
Sugar,Hyderabad,3,252.0,213.0,0,target_gap_hit,0.01,0.00355,False,-799725.0,796896.0,804115.0,1.0,0.03,8054.0,0.0
Sugar,Kolkata,3,252.0,213.0,0,target_gap_hit,0.01,0.001544,False,-426928.0,426270.0,429632.0,1.0,0.02,4297.0,0.0
Sugar,Lucknow,3,252.0,213.0,0,target_gap_hit,0.01,0.002832,False,-146588.0,146174.0,146878.0,1.0,0.01,1476.0,0.0
Sugar,Mumbai,2,168.0,150.0,0,target_gap_hit,0.01,0.0,False,-667220.0,667220.0,670316.0,1.0,0.03,6715.0,0.0
Sugar,Others,3,252.0,213.0,0,target_gap_hit,0.01,0.004591,False,-1932828.0,1923995.0,1936616.0,1.0,0.01,19437.0,0.0
Sugar,Pune,3,252.0,213.0,0,target_gap_hit,0.01,0.00698,False,-315706.0,313518.0,317147.0,1.0,0.01,3173.0,0.0
Wheat Atta,Ahmedabad,3,252.0,213.0,0,target_gap_hit,0.01,0.006188,False,-218253.0,216911.0,222753.0,1.0,0.03,2282.0,0.0
Wheat Atta,Bangalore,5,420.0,339.0,0,target_gap_hit,0.01,0.001473,False,-1010355.0,1008869.0,1028915.0,1.0,0.66,10406.0,0.0
Wheat Atta,Chandigarh Tricity,3,252.0,213.0,0,target_gap_hit,0.01,0.008357,False,-137364.0,136225.0,140584.0,1.0,0.03,1399.0,0.0
Wheat Atta,Chennai,4,336.0,276.0,0,target_gap_hit,0.01,0.00678,False,-165089.0,163977.0,167589.0,1.0,0.03,1680.0,0.0
Wheat Atta,Delhi-NCR,5,420.0,339.0,0,target_gap_hit,0.01,0.004581,False,-2003523.0,1994387.0,2051137.0,1.0,0.05,20751.0,0.0
Wheat Atta,Hyderabad,5,420.0,339.0,0,target_gap_hit,0.01,0.007845,False,-673981.0,668734.0,687504.0,1.0,0.06,6948.0,0.0
Wheat Atta,Kolkata,4,336.0,276.0,0,target_gap_hit,0.01,0.008409,False,-403782.0,400415.0,407587.0,1.0,0.03,4204.0,0.0
Wheat Atta,Lucknow,5,420.0,339.0,0,target_gap_hit,0.01,0.004795,False,-331921.0,330337.0,336575.0,1.0,0.03,3419.0,0.0
Wheat Atta,Mumbai,3,252.0,213.0,0,target_gap_hit,0.01,0.006555,False,-256834.0,255161.0,263068.0,1.0,0.03,2659.0,0.0
Wheat Atta,Others,4,336.0,276.0,0,target_gap_hit,0.01,0.005122,False,-3192229.0,3175963.0,3253219.0,1.0,0.06,32957.0,0.0
Wheat Atta,Pune,3,252.0,213.0,0,target_gap_hit,0.01,0.004346,False,-198296.0,197438.0,201582.0,1.0,0.03,2021.0,0.0
"Wheat, Daliya & More",Ahmedabad,1,84.0,87.0,0,target_gap_hit,0.01,0.0,False,-56281.0,56281.0,56172.0,1.0,0.0,561.0,0.0
"Wheat, Daliya & More",Bangalore,1,84.0,87.0,0,target_gap_hit,0.01,0.0,False,-305547.0,305547.0,304952.0,1.0,0.02,3047.0,0.0
"Wheat, Daliya & More",Chandigarh Tricity,1,84.0,87.0,0,target_gap_hit,0.01,0.0,False,-62516.0,62516.0,62394.0,1.0,0.02,623.0,0.0
"Wheat, Daliya & More",Chennai,1,84.0,87.0,0,target_gap_hit,0.01,0.0,False,-29493.0,29493.0,29436.0,1.0,0.0,294.0,0.0
"Wheat, Daliya & More",Delhi-NCR,1,84.0,87.0,0,target_gap_hit,0.01,0.0,False,-396238.0,396238.0,395467.0,1.0,0.02,3952.0,0.0
"Wheat, Daliya & More",Hyderabad,1,84.0,87.0,0,target_gap_hit,0.01,0.0,False,-112056.0,112056.0,111837.0,1.0,0.01,1117.0,0.0
"Wheat, Daliya & More",Kolkata,1,84.0,87.0,0,target_gap_hit,0.01,0.0,False,-294107.0,294107.0,293534.0,1.0,0.02,2933.0,0.0
"Wheat, Daliya & More",Lucknow,1,84.0,87.0,0,target_gap_hit,0.01,0.0,False,-106186.0,106186.0,105979.0,1.0,0.01,1059.0,0.0
"Wheat, Daliya & More",Mumbai,1,84.0,87.0,0,target_gap_hit,0.01,0.0,False,-142043.0,142043.0,141766.0,1.0,0.0,1416.0,0.0
"Wheat, Daliya & More",Others,1,84.0,87.0,0,target_gap_hit,0.01,0.0,False,-1286638.0,1286638.0,1284132.0,1.0,0.0,12832.0,0.0
"Wheat, Daliya & More",Pune,1,84.0,87.0,0,target_gap_hit,0.01,0.0,False,-105034.0,105034.0,102816.0,1.0,0.01,1047.0,0.0
Whole Spices,Ahmedabad,3,252.0,213.0,0,target_gap_hit,0.01,2.2e-05,False,-71968.0,71967.0,70640.0,1.0,0.02,720.0,0.0
Whole Spices,Bangalore,4,336.0,276.0,0,target_gap_hit,0.01,0.0,False,-862962.0,862962.0,859877.0,1.0,0.03,8633.0,0.0
Whole Spices,Chandigarh Tricity,3,252.0,213.0,0,target_gap_hit,0.01,9e-06,False,-32017.0,32017.0,31908.0,1.0,0.01,321.0,0.0
Whole Spices,Chennai,4,336.0,276.0,0,target_gap_hit,0.01,0.0,False,-341769.0,341769.0,340328.0,1.0,0.03,3428.0,0.0
Whole Spices,Delhi-NCR,4,336.0,276.0,0,target_gap_hit,0.01,2.1e-05,False,-1331629.0,1331601.0,1327602.0,1.0,0.05,13323.0,0.0
Whole Spices,Hyderabad,5,420.0,339.0,0,target_gap_hit,0.01,8e-06,False,-507458.0,507454.0,506171.0,1.0,0.03,5077.0,0.0
Whole Spices,Kolkata,3,252.0,213.0,0,target_gap_hit,0.01,2e-05,False,-169991.0,169987.0,169473.0,1.0,0.03,1701.0,0.0
Whole Spices,Lucknow,4,336.0,276.0,0,target_gap_hit,0.01,0.0,False,-99892.0,99892.0,99698.0,1.0,0.03,999.0,0.0
Whole Spices,Mumbai,5,420.0,339.0,0,target_gap_hit,0.01,2e-05,False,-434011.0,434003.0,433029.0,1.0,0.03,4342.0,0.0
Whole Spices,Others,6,504.0,402.0,0,target_gap_hit,0.01,1.8e-05,False,-1313282.0,1313258.0,1308899.0,1.0,0.03,13149.0,0.0
Whole Spices,Pune,5,420.0,339.0,0,target_gap_hit,0.01,1.2e-05,False,-198406.0,198404.0,197523.0,1.0,0.03,1986.0,0.0
